,index_m,index_a,Unnamed: 0,estimated_distance,date,n_dispersion,dispersion_length,chisq,dof,energy,model_field_line_length_idl,TIME,GSM_X,GSM_Y,GSM_Z,MLT_x,L,STORM_PHASE,BX_GSM,DIST,BETA,datetime_str,KP,SW_P,DST,IMF_BY,IMF_BZ,direction,p_value,region,index_x,location,direction_et,dispersion_time,Start_time_x,Duration_datetime_x,End_time_x,BeforePeriod,AfterPeriod,overlap,Full list Index,Event Time,Duration,DIP,LANL,Max E,Min E,Flow Dir,GSM-x,GSM-y,GSM-z,RE,Dipole L,MLT_y,Blasma,AE,Unnamed: 16,Comments,max_v,min_v,mean_E,estimated_distance_m,Start_time_y,Duration_datetime_y,End_time_y,direction_m,index_auto,index_y,good_fit
0,0.0,977.0,977.0,8.644523249190337,2016-04-12,2.0,6.0,3.338657330047268,4.0,603.0963185628257,8.626510265843757,1460447760.0,-7.198486481755414,-4.222959117150978,-2.253035387541954,2.0475824915554983,9.438802337607116,0.0,-56.29914410909018,8.644648745931327,0.3877347747224952,2016-04-12 07:51:00,2.0,3.021000051498413,-6.083333333333332,-6.72416655222575,-1.6699999769528708,PARA,0.5028307429958526,BL,977.0,south,outward,12.0,2016-04-12 07:51:00,0 days 00:12:00.000000000,2016-04-12 08:03:00,True,False,False,390.0,2016-04-12/07:46:00,22.0,Y,N,3580.0,69.0,3.0,-7.127033099999999,-4.028171700000001,-2.208898,8.4793867,9.2349634,1.9826278000000002,,,,,208.50919535148262,28.947312153581567,1824.5,6.956634538167292,2016-04-12 07:46:00,0 days 00:22:00.000000000,2016-04-12 08:08:00,PARA,[977],0.0,False
1,1.0,493.0,493.0,4.665592841683991,2016-04-13,3.0,4.0,1.732838510532766,2.0,205.2445659637452,8.16407041271506,1460532120.0,-7.045838583524865,-3.5640071905343684,-2.099944527187689,1.802152717287889,8.85970800972509,3.0,-74.52967834472656,8.170486077175777,0.18891601218271845,2016-04-13 07:19:00,2.0,2.822499990463257,-50.875,1.5312500149011614,-1.0462499856948853,PARA,0.4204543968523122,BL,493.0,south,outward,8.0,2016-04-13 07:19:00,0 days 00:08:00.000000000,2016-04-13 07:27:00,True,False,False,469.0,2016-04-13/06:28:00,58.0,Y,Y,13700.0,36.0,3.0,-6.438749,-2.4081650000000003,-1.7526422,7.0942584,7.574859399999999,1.3697694999999999,,,,,407.8908682649483,20.90908120889383,6868.0,12.024682063513193,2016-04-13 06:28:00,0 days 00:58:00.000000000,2016-04-13 07:26:00,PARA,"[493, 890, 4324]",1.0,False
2,1.0,890.0,890.0,7.263475845486487,2016-04-13,2.0,5.0,4.305421388985407,3.0,652.319451904297,7.736480501905452,1460530740.0,-6.815143854809707,-3.0803420918945665,-1.9672415335647269,1.629277288680964,8.333821396153768,3.0,-76.18346557617187,7.733473744558265,0.32770481912272137,2016-04-13 06:55:00,2.0,2.9839999198913576,-56.9,-5.682999992370607,-0.4230000257492064,PARA,0.2303168689752503,BL,890.0,south,outward,10.0,2016-04-13 06:55:00,0 days 00:10:00.000000000,2016-04-13 07:05:00,True,False,False,469.0,2016-04-13/06:28:00,58.0,Y,Y,13700.0,36.0,3.0,-6.438749,-2.4081650000000003,-1.7526422,7.0942584,7.574859399999999,1.3697694999999999,,,,,407.8908682649483,20.90908120889383,6868.0,12.024682063513193,2016-04-13 06:28:00,0 days 00:58:00.000000000,2016-04-13 07:26:00,PARA,"[493, 890, 4324]",1.0,False
4,2.0,687.0,687.0,6.481543724709248,2016-04-22,7.0,4.0,1.733558437933196,2.0,397.36164474487305,11.49351932599345,1461337800.0,-7.53524853121808,-8.559239937285703,-3.5284017173222524,3.7393369391741635,15.972582591492555,0.0,-28.828489780426025,11.93694808145359,0.7320867854390672,2016-04-22 15:07:00,4.0,2.934999942779541,-1.125,8.96249985694885,0.12124998494982725,PARA,0.4203030757685322,BL,687.0,south,outward,8.0,2016-04-22 15:07:00,0 days 00:08:00.000000000,2016-04-22 15:15:00,True,False,False,675.0,2016-04-22/14:54:00,20.0,Y,Y,14400.0,69.0,3.0,-7.6615023,-8.5227417,-3.4345263999999998,11.963767,15.852439000000002,3.6756064,,,,,418.1816241778766,28.947312153581567,7234.5,5.8512583004251475,2016-04-22 14:54:00,0 days 00:20:00.000000000,2016-04-22 15:14:00,PARA,[687],2.0,False
5,4.0,698.0,698.0,6.483390075164175,2016-05-06,3.0,4.0,1.73355623934771,2.0,397.3616790771485,8.916996515144367,1462512600.0,-8.659012015432825,-1.6861960456757812,-1.6665748566080056,0.7583323846597825,9.888687375997225,0.0,-57.75885200500488,8.977758564651142,0.4502319319018988,2016-05-06 05:27:00,2.0,,-10.25,,,PARA,0.4203035378049073,BL,698.0,south,outward,8.0,2016-05-06 05:27:00,0 days 00:08:00.000000000,2016-05-06 05:35:00,True,False,False,535.0,2016-05-06/05:11:00,40.0,Y,Y,6700.0,36.0,3.0,-8.4150141,-1.3876064,-1.588172,8.675263900000001,9.531986,0.64384228,,,,,285.2470097175421,20.90908120889383,3368.0,8.490118684761775,2016-05-06 05:11:00,0 days 00:40:00.000000000,2016-05-06 05:51:00,PARA,[698],4.0,False
6,5.0,1266.0,1266.0,9.438160534626975,2016-05-06,5.0,4.0,1.337066654866423,2.0,1327.674285888672,10.753007809637065,1462521960.0,-9.90939927867176,-4.003682380925909,-1.9306037431460097,1.537713152216604,12.253180767887466,0.0,-37.609309196472175,10.860642034399646,0.4410034446752672,2016-05-06 08:03:00,2.0,,-12.375,,,PARA,0.5124596373643764,BL,1266.0,south,outward,8.0,2016-05-06 08:03:00,0 days 00:08:00.000000000,2016-05-06 08:11:00,True,False,False,998.0,2016-05-06/07:42:00,58.0,Y,N,25600.0,247.0,3.0,-9.797702000000001,-3.6771236000000003,-1.9245093999999998,10.639565,11.947649,1.4331151000000002,,,,,557.5754989038354,54.768667598624134,12923.5,33.13751092596975,2016-05-06 07:42:00,0 days 00:58:00.000000000,2016-05-06 08:40:00,PARA,[1266],5.0,False
7,6.0,1302.0,1302.0,9.458385297534168,2016-05-14,4.0,4.0,1.336967445807663,2.0,1327.674285888672,8.709846202399486,1463199840.0,-8.671744905656638,-0.4940509007267992,-1.352707193606398,0.2258523838227981,9.707882216419844,4.0,-64.39208126068115,8.790564021328931,0.4563290162756986,2016-05-14 04:21:00,2.0,,-22.25,,,PARA,0.5124850583140057,BL,1302.0,south,outward,8.0,2016-05-14 04:21:00,0 days 00:08:00.000000000,2016-05-14 04:29:00,True,False,False,,2016-05-14/04:16:00,14.0,Y,N,6930.0,257.0,3.0,-8.553552499999999,-0.38464838,-1.3175424999999998,8.662974900000002,9.5601824,0.17834483,,,,,290.1017284031974,55.866345213133975,3593.5,9.112411339177369,2016-05-14 04:16:00,0 days 00:14:00.000000000,2016-05-14 04:30:00,PARA,[1302],6.0,False
8,7.0,981.0,981.0,8.645189896133637,2016-05-15,3.0,6.0,3.3386564047084586,4.0,603.0959243774415,9.065087753539338,1463287200.0,-9.013484451927352,-0.6838659932127801,-1.4118714958569818,0.3008672565587305,10.127979610436032,0.0,-70.35984547932942,9.14909622961896,0.19702339934115295,2016-05-15 04:35:00,2.0,2.5730000019073485,-14.666666666666664,12.01750024159749,1.0266666909058888,PARA,0.5028308884856184,BL,981.0,south,outward,12.0,2016-05-15 04:35:00,0 days 00:12:00.000000000,2016-05-15 04:47:00,True,False,False,341.0,2016-05-15/04:32:00,16.0,Y,N,3670.0,66.0,3.0,-8.9060196,-0.57590386,-1.3821222,9.031008300000002,9.991170599999998,0.25655249,,,,,211.11385255028398,28.311029791117594,1868.0,4.921150937207091,2016-05-15 04:32:00,0 days 00:16:00.000000000,2016-05-15 04:48:00,PARA,[981],7.0,False
9,9.0,2170.0,2170.0,17.456890741413382,2016-05-16,7.0,4.0,1.7340513326401858,2.0,2883.5528259277344,11.662028056167689,1463396520.0,-10.748282670979453,-5.1422435459747735,-1.4108440868748795,1.8693913888167009,14.419289140610086,0.0,-37.72802925109863,11.998298534073177,0.3033653239977175,2016-05-16 10:59:00,3.0,2.4137499332427983,-9.375,5.387499988079071,-2.8087499439716344,PARA,0.4201995059506213,BL,2170.0,south,outward,8.0,2016-05-16 10:59:00,0 days 00:08:00.000000000,2016-05-16 11:07:00,True,False,False,935.0,2016-05-16/10:56:00,26.0,Y,Y,14200.0,246.0,3.0,-10.772249,-5.0758449,-1.4159918,11.992105,14.3653,1.8409624,,,,,415.2674310142288,54.657687408397855,7223.0,15.394734990455376,2016-05-16 10:56:00,0 days 00:26:00.000000000,2016-05-16 11:22:00,PARA,"[2170, 4560]",9.0,False
11,10.0,1150.0,1150.0,9.035233360407373,2016-05-16,8.0,4.0,1.7339625732684982,2.0,769.3037796020509,10.858199477051981,1463410080.0,-9.158558735261288,-6.46686334418149,-1.7006276286626967,2.759991757678897,15.231706758523009,0.0,-56.29301166534424,11.339847766301535,0.16232171245994226,2016-05-16 14:45:00,3.0,2.681666692097982,-11.125,5.0287500619888315,0.2887500002980231,PARA,0.4202181546864964,BL,1150.0,south,outward,8.0,2016-05-16 14:45:00,0 days 00:08:00.000000000,2016-05-16 14:53:00,True,False,False,505.0,2016-05-16/14:34:00,20.0,Y,Y,6730.0,128.0,3.0,-9.304835699999998,-6.4241106,-1.16577553,11.427918,15.246857,2.7011523,,,,,285.8849091568721,39.42654162983744,3429.0,8.604458528064045,2016-05-16 14:34:00,0 days 00:20:00.000000000,2016-05-16 14:54:00,PARA,[1150],10.0,False
12,11.0,2270.0,2270.0,17.497590255943948,2016-05-27,2.0,4.0,1.734097574441559,2.0,2883.5528259277344,9.713882215931461,1464321960.0,-9.734817952046702,0.35057717833917434,-1.1892413608761552,23.85576156177443,10.946413307132623,0.0,-59.69281768798828,9.813493150053148,0.3789690111162857,2016-05-27 04:03:00,2.0,2.7512499690055847,-2.5,-3.6237499117851257,-5.357500076293945,PARA,0.4201897906718889,BL,2270.0,south,outward,8.0,2016-05-27 04:03:00,0 days 00:08:00.000000000,2016-05-27 04:11:00,True,False,False,,2016-05-27/03:57:00,18.0,Y,N,13100.0,247.0,3.0,-9.6189027,0.45088370000000005,-1.1635046999999998,9.6995014,10.818292999999999,23.812304,,,,,398.8589547662993,54.768667598624134,6673.5,10.750008718092138,2016-05-27 03:57:00,0 days 00:18:00.000000000,2016-05-27 04:15:00,PARA,[2270],11.0,False
13,12.0,1400.0,1400.0,9.894710422253663,2016-05-28,3.0,5.0,1.405782955579634,3.0,2065.1919921875,10.193075192051381,1464410340.0,-10.212014195163523,0.04208001815278113,-1.2562672441045932,23.97441802479321,11.487772976622514,0.0,-44.44174652099609,10.289136010664897,0.6726196671427566,2016-05-28 04:35:00,2.0,,-0.2,-3.065000009536744,0.36799998581409454,PARA,0.7041797358513944,BL,1400.0,south,outward,10.0,2016-05-28 04:35:00,0 days 00:10:00.000000000,2016-05-28 04:45:00,True,False,False,73.0,2016-05-28/04:20:00,24.0,Y,Y,24800.0,134.0,3.0,-9.9963049,0.25673503,-1.2152411,10.073174,11.242694,23.897085999999998,,,,,548.794233590608,40.340018976891805,12467.0,9.830197204398074,2016-05-28 04:20:00,0 days 00:24:00.000000000,2016-05-28 04:44:00,PARA,[1400],12.0,False
14,14.0,1661.0,1661.0,12.550919660534339,2016-05-30,7.0,4.0,1.734206560436844,2.0,1489.403732299805,11.217169845250952,1464589440.0,-11.22101560928138,-0.9789335693785411,-1.2984024165245929,0.3504183819018297,12.750595801915381,0.0,-45.84547233581543,11.338251314454405,0.2949005668435636,2016-05-30 06:21:00,2.0,2.651250064373016,-12.375,-4.827500104904175,-0.3637500014156103,PARA,0.4201668938944793,BL,1661.0,south,outward,8.0,2016-05-30 06:21:00,0 days 00:08:00.000000000,2016-05-30 06:29:00,True,False,False,716.0,2016-05-30/06:12:00,24.0,Y,N,13700.0,128.0,3.0,-11.149696,-0.84890548,-1.3018324,11.257591,12.644072,0.30575874,,,,,407.8908682649483,39.42654162983744,6914.0,9.853843564043565,2016-05-30 06:12:00,0 days 00:24:00.000000000,2016-05-30 06:36:00,PARA,[1661],14.0,False
15,15.0,1191.0,1191.0,9.070779616545511,2016-06-05,8.0,4.0,1.734340212162796,2.0,769.3042831420897,11.786246543934839,1465116600.0,-11.83216300324284,-1.844763626233644,-0.9330442194249676,0.6348275763935405,13.920547280066511,0.0,-62.83206272125244,12.01142348241116,0.3588260249583751,2016-06-05 08:47:00,2.0,12.873749971389776,26.0,6.350000023841858,-5.793750047683716,PARA,0.4201388168173487,BL,1191.0,south,outward,8.0,2016-06-05 08:47:00,0 days 00:08:00.000000000,2016-06-05 08:55:00,True,False,False,395.0,2016-06-05/08:42:00,20.0,Y,N,3670.0,67.0,3.0,-11.83625,-1.7727761000000002,-0.95218186,12.006091,13.884307000000002,0.60944268,,,,,211.11385255028398,28.52470097175421,1868.5,6.205118206123779,2016-06-05 08:42:00,0 days 00:20:00.000000000,2016-06-05 09:02:00,PARA,[1191],15.0,False
16,17.0,627.0,627.0,6.163550565849392,2016-06-05,13.0,4.0,3.3503969036481984,2.0,1082.4143905639646,9.386114742496282,1465139280.0,-8.797202490805834,-4.4540407283969765,-0.4147233402159135,2.090854183214712,13.110335268545144,0.0,-76.74414825439453,9.869238183761162,0.2615659992184519,2016-06-05 15:05:00,2.0,5.383750081062317,-8.5,-15.227499961853026,-0.1912499666213988,PARA,0.18727101152021694,BL,627.0,south,outward,8.0,2016-06-05 15:05:00,0 days 00:08:00.000000000,2016-06-05 15:13:00,True,False,False,,2016-06-05/15:04:00,16.0,Y,N,24400.0,139.0,3.0,-8.8575759,-4.4398824,-0.41051114,9.916538000000001,13.163862,2.0715722,,,,,544.3504824508965,41.08573863919486,12269.5,6.688833562451632,2016-06-05 15:04:00,0 days 00:16:00.000000000,2016-06-05 15:20:00,PARA,[627],17.0,False
18,18.0,3751.0,3751.0,12.35962991549773,2016-06-06,4.0,4.0,4.011140377937748,2.0,1802.5152435302732,42.711445532153405,1465178520.0,-8.707947365053586,2.255300373292376,-0.7273223971148021,22.97495551535919,10.147357788759416,0.0,-62.43946552276611,9.024665242256157,0.3593838378966749,2016-06-06 01:59:00,2.0,4.536250114440918,-46.125,-3.401250004768372,-4.923750042915343,ANTI,0.13458353576626705,BL,3751.0,south,earthward,8.0,2016-06-06 01:59:00,0 days 00:08:00.000000000,2016-06-06 02:07:00,True,False,False,321.0,2016-06-06/01:41:00,22.0,Y,N,24400.0,139.0,4.0,-8.322101,2.4210205,-0.64639844,8.6911758,9.781084199999999,22.853460000000002,,,,,544.3504824508965,41.08573863919486,12269.5,9.197146148370994,2016-06-06 01:41:00,0 days 00:22:00.000000000,2016-06-06 02:03:00,ANTI,"[1536, 3751, 4587]",18.0,False
19,18.0,4587.0,4587.0,25.762972720898407,2016-06-06,3.0,4.0,1.319204243085669,2.0,9634.7275390625,39.52418050451315,1465177440.0,-8.374767247549343,2.3995871331300904,-0.6573353021298345,22.87003815569005,9.831154059622637,0.0,-66.42391204833984,8.736574886113333,0.2518301384159448,2016-06-06 01:41:00,2.0,4.563749909400941,-41.0,-5.194999814033507,-3.100000023841858,ANTI,0.5170570194193382,BL,4587.0,south,earthward,8.0,2016-06-06 01:41:00,0 days 00:08:00.000000000,2016-06-06 01:49:00,True,False,False,321.0,2016-06-06/01:41:00,22.0,Y,N,24400.0,139.0,4.0,-8.322101,2.4210205,-0.64639844,8.6911758,9.781084199999999,22.853460000000002,,,,,544.3504824508965,41.08573863919486,12269.5,9.197146148370994,2016-06-06 01:41:00,0 days 00:22:00.000000000,2016-06-06 02:03:00,ANTI,"[1536, 3751, 4587]",18.0,False
20,19.0,1275.0,1275.0,9.456769734666448,2016-06-06,3.0,4.0,1.336968960342376,2.0,1327.6753845214846,11.365934111874312,1465192800.0,-11.429836899875307,-0.056565154839981084,-1.1829389233412129,0.019937557388346686,12.904924967807322,0.0,-49.1778335571289,11.491052171915696,0.3065371170549842,2016-06-06 05:57:00,2.0,4.346250057220459,-51.5,-2.517500042915344,-4.857499957084657,PARA,0.5124846702259476,BL,1275.0,south,outward,8.0,2016-06-06 05:57:00,0 days 00:08:00.000000000,2016-06-06 06:05:00,True,False,False,1507.0,2016-06-06/05:33:00,44.0,Y,Y,24400.0,66.0,3.0,-11.257793,0.21925001,-1.1841231,11.322019000000001,12.688819,23.921646,,,,,544.3504824508965,28.311029791117594,12233.0,12.361217615483772,2016-06-06 05:33:00,0 days 00:44:00.000000000,2016-06-06 06:17:00,PARA,[1275],19.0,False
21,20.0,1122.0,1122.0,9.021561941356367,2016-06-11,12.0,4.0,1.733930703701708,2.0,769.3042831420897,10.609469807451863,1465648560.0,-10.610386040270901,-2.973101883373133,-0.20438627374464524,1.1754330084995934,13.878081028732355,0.0,-44.109442710876465,11.020975087498186,0.3798326997089828,2016-06-11 12:33:00,2.0,1.6562499701976778,-8.125,4.818750023841859,1.645000010728836,PARA,0.4202248508251208,BL,1122.0,south,outward,8.0,2016-06-11 12:33:00,0 days 00:08:00.000000000,2016-06-11 12:41:00,True,False,False,885.0,2016-06-11/11:43:00,68.0,Y,N,13700.0,139.0,3.0,-11.100202000000001,-2.5941179,-0.32276187,11.403864,14.070386,0.97628776,,,,,407.8908682649483,41.08573863919486,6919.5,29.225758854236513,2016-06-11 11:43:00,0 days 01:08:00.000000000,2016-06-11 12:51:00,PARA,"[1122, 1880]",20.0,False
22,20.0,1880.0,1880.0,13.16303664314879,2016-06-11,11.0,4.0,1.3369265040619371,2.0,2570.4457397460933,10.929309606317007,1465646160.0,-10.992510141969476,-2.688369738760022,-0.29126447419946955,1.0228865573851986,14.037313798832194,0.0,-40.46389198303223,11.320243857232473,0.4401339687052348,2016-06-11 11:53:00,2.0,1.409999996423721,-15.0,6.022499918937683,1.196250006556511,PARA,0.5124955494378598,BL,1880.0,south,outward,8.0,2016-06-11 11:53:00,0 days 00:08:00.000000000,2016-06-11 12:01:00,True,False,False,885.0,2016-06-11/11:43:00,68.0,Y,N,13700.0,139.0,3.0,-11.100202000000001,-2.5941179,-0.32276187,11.403864,14.070386,0.97628776,,,,,407.8908682649483,41.08573863919486,6919.5,29.225758854236513,2016-06-11 11:43:00,0 days 01:08:00.000000000,2016-06-11 12:51:00,PARA,"[1122, 1880]",20.0,False
23,22.0,1693.0,1693.0,12.55168265806284,2016-08-03,9.0,4.0,1.7342114836875828,2.0,1489.4050750732422,10.864936967953014,1470206400.0,-9.462358692067118,5.152227918144773,-1.937831800176336,22.0252180380534,12.059645029994725,2.0,-62.41075801849365,10.947026849552342,0.43662649313609936,2016-08-03 06:37:00,2.0,6.980000019073486,-59.875,12.829999923706056,-0.3775000050663948,PARA,0.4201658596022667,BL,1693.0,south,outward,8.0,2016-08-03 06:37:00,0 days 00:08:00.000000000,2016-08-03 06:45:00,True,False,False,861.0,2016-08-03/06:16:00,30.0,Y,Y,24800.0,246.0,3.0,-9.5082927,5.4437483,-2.001228,11.137636,12.235471,21.944247,,,,,548.794233590608,54.657687408397855,12523.0,17.131377058720545,2016-08-03 06:16:00,0 days 00:30:00.000000000,2016-08-03 06:46:00,PARA,[1693],22.0,False
24,23.0,454.0,454.0,4.637984643975621,2016-08-03,16.0,4.0,1.7331184999101592,2.0,205.24458503723145,7.927373183870991,1470219240.0,-7.845295096102986,2.2105386774898124,-0.599691102984913,22.892560397824504,9.120389670871472,3.0,-91.61878776550293,8.17286420650345,0.2093123983437168,2016-08-03 10:11:00,2.0,4.1775001883506775,-43.25,7.394999980926514,-14.110000133514404,PARA,0.4203955395898621,BL,454.0,south,outward,8.0,2016-08-03 10:11:00,0 days 00:08:00.000000000,2016-08-03 10:19:00,True,False,False,305.0,2016-08-03/09:50:00,23.0,Y,Y,14400.0,69.0,3.0,-8.1577988,2.567422,-0.8094923,8.590495599999999,9.605113099999999,22.771093,,,,,418.1816241778766,28.947312153581567,7234.5,6.72894704548892,2016-08-03 09:50:00,0 days 00:23:00.000000000,2016-08-03 10:13:00,PARA,"[454, 1208]",23.0,False
25,23.0,1208.0,1208.0,9.083828511226928,2016-08-03,15.0,5.0,4.017173123638613,3.0,816.2233154296875,8.129465301632106,1470218580.0,-7.995098457095223,2.3769589251428784,-0.6982371569806141,22.834858022833238,9.35085129990323,2.0,-77.57527008056641,8.370213107366519,0.25945821118006923,2016-08-03 09:59:00,2.0,3.890000009536743,-45.3,4.578000020980835,-14.604000091552734,PARA,0.2596157039475105,BL,1208.0,south,outward,10.0,2016-08-03 09:59:00,0 days 00:10:00.000000000,2016-08-03 10:09:00,True,False,False,305.0,2016-08-03/09:50:00,23.0,Y,Y,14400.0,69.0,3.0,-8.1577988,2.567422,-0.8094923,8.590495599999999,9.605113099999999,22.771093,,,,,418.1816241778766,28.947312153581567,7234.5,6.72894704548892,2016-08-03 09:50:00,0 days 00:23:00.000000000,2016-08-03 10:13:00,PARA,"[454, 1208]",23.0,False
27,25.0,1392.0,1392.0,9.859808158257248,2016-08-09,8.0,4.0,12.18879551749233,2.0,1718.9838790893555,7.540837703197278,1470736440.0,-7.300826646654423,2.4832617615430994,-0.6992600393953123,22.691209763313214,8.489046804921013,4.0,-74.83790016174315,7.7432983558329775,0.18577181756487235,2016-08-09 09:51:00,2.0,,-16.0,,,PARA,0.002255468067690836,BL,1392.0,south,outward,8.0,2016-08-09 09:51:00,0 days 00:08:00.000000000,2016-08-09 09:59:00,True,False,False,870.0,2016-08-09/09:42:00,16.0,N,Y,24000.0,133.0,3.0,-7.4620235,2.6798101,-0.81451015,7.9703577999999995,8.755070800000002,22.623628,,,,,539.8701553769615,40.1892146397705,12066.5,6.535566531379912,2016-08-09 09:42:00,0 days 00:16:00.000000000,2016-08-09 09:58:00,PARA,[1392],25.0,False
28,26.0,2310.0,2310.0,17.5757514433371,2016-08-12,3.0,5.0,4.017589884873175,3.0,3059.410302734375,11.904384614694411,1470971820.0,-8.370952671493736,7.963695207735671,-2.3130011485973325,21.02686181387086,12.702327909793098,4.0,-24.65246276855469,11.783211067941945,0.4626527703635957,2016-08-12 03:13:00,2.0,,-29.1,,,PARA,0.2595709938506834,BL,2310.0,south,outward,10.0,2016-08-12 03:13:00,0 days 00:10:00.000000000,2016-08-12 03:23:00,True,False,False,948.0,2016-08-12/03:02:00,28.0,Y,Y,24400.0,482.0,3.0,-8.3120003,8.1038561,-2.2973624,11.833836999999999,12.758356,20.976429,,,,,544.3504824508965,76.50806499137062,12441.0,23.447765883038393,2016-08-12 03:02:00,0 days 00:28:00.000000000,2016-08-12 03:30:00,PARA,"[2310, 2850]",26.0,False
29,26.0,2850.0,2850.0,34.08067133734652,2016-08-12,2.0,4.0,1.729058478441553,2.0,10808.357666015623,11.953805456148073,1470971160.0,-8.327518766764952,8.068753756973202,-2.3015011055851877,20.98924810595151,12.74457429720098,4.0,-24.28362369537353,11.821580687996821,0.3541212259575449,2016-08-12 03:03:00,2.0,,-28.625,,,PARA,0.4212498138474712,BL,2850.0,south,outward,8.0,2016-08-12 03:03:00,0 days 00:08:00.000000000,2016-08-12 03:11:00,True,False,False,948.0,2016-08-12/03:02:00,28.0,Y,Y,24400.0,482.0,3.0,-8.3120003,8.1038561,-2.2973624,11.833836999999999,12.758356,20.976429,,,,,544.3504824508965,76.50806499137062,12441.0,23.447765883038393,2016-08-12 03:02:00,0 days 00:28:00.000000000,2016-08-12 03:30:00,PARA,"[2310, 2850]",26.0,False
30,27.0,1232.0,1232.0,9.179040987732163,2016-08-12,8.0,5.0,4.019955160168829,3.0,816.2233154296875,10.717016896344713,1470981660.0,-8.579225745902963,6.0440444341468655,-2.224552386613896,21.60052993129309,11.658341241158235,4.0,-27.890258026123053,10.727678101876826,0.2939700373614025,2016-08-12 05:57:00,2.0,1.698000001907349,-23.5,3.8980000019073486,-0.5289999902248382,PARA,0.2593173799115445,BL,1232.0,south,outward,10.0,2016-08-12 05:57:00,0 days 00:10:00.000000000,2016-08-12 06:07:00,True,False,False,704.0,2016-08-12/05:39:00,49.0,Y,Y,25600.0,66.0,3.0,-8.603665199999998,6.337728500000001,-2.2785194,10.922618,11.84945,21.521959,,,,,557.5754989038354,28.311029791117594,12833.0,13.748011647526539,2016-08-12 05:39:00,0 days 00:49:00.000000000,2016-08-12 06:28:00,PARA,"[1232, 2158, 3920, 4519]",27.0,False
31,27.0,2158.0,2158.0,17.43805343607138,2016-08-12,7.0,4.0,1.7340865039982158,2.0,2883.5558471679688,10.848266081660993,1470980880.0,-8.595960901520826,6.2174354733136905,-2.257109468662496,21.55342673597796,11.774816175661556,4.0,-27.013529300689697,10.846295843904024,0.2514402468178829,2016-08-12 05:45:00,2.0,1.584999978542328,-28.5,2.951249957084656,-0.20125000178813932,PARA,0.4201921165219616,BL,2158.0,south,outward,8.0,2016-08-12 05:45:00,0 days 00:08:00.000000000,2016-08-12 05:53:00,True,False,False,704.0,2016-08-12/05:39:00,49.0,Y,Y,25600.0,66.0,3.0,-8.603665199999998,6.337728500000001,-2.2785194,10.922618,11.84945,21.521959,,,,,557.5754989038354,28.311029791117594,12833.0,13.748011647526539,2016-08-12 05:39:00,0 days 00:49:00.000000000,2016-08-12 06:28:00,PARA,"[1232, 2158, 3920, 4519]",27.0,False
34,28.0,1986.0,1986.0,14.179168232891278,2016-08-13,11.0,8.0,8.253980105650216,6.0,2129.5304985046387,8.475028845825133,1471077480.0,-7.664421049209364,3.71273652690822,-1.3519083622119972,22.21584294975664,9.421074796204296,4.0,-49.38043594360352,8.623146747288752,0.2679941463631854,2016-08-13 08:31:00,2.0,0.9475000003973644,-16.75,1.8358333110809324,-1.0175000031789143,PARA,0.2200803672487207,BL,1986.0,south,outward,16.0,2016-08-13 08:31:00,0 days 00:16:00.000000000,2016-08-13 08:47:00,True,False,False,712.0,2016-08-13/08:29:00,22.0,Y,N,13400.0,143.0,3.0,-7.7446069,3.8567186,-1.4256376,8.768446699999998,9.5835028,22.173793,,,,,403.40018976891804,41.67270749910569,6771.5,9.618031470891847,2016-08-13 08:29:00,0 days 00:22:00.000000000,2016-08-13 08:51:00,PARA,[1986],28.0,False
35,29.0,472.0,472.0,4.658556754260852,2016-08-15,7.0,4.0,1.732819511847064,2.0,205.24458503723145,8.532929082210432,1471249320.0,-7.562203784127654,3.962659441628873,-1.4646955072151313,22.098911501681002,9.423565442710778,0.0,-48.641334533691406,8.662316363532549,0.3411133480674839,2016-08-15 08:19:00,2.0,1.3925000429153445,-4.625,2.8962499499320984,-3.23375004529953,PARA,0.4204583909117516,BL,472.0,south,outward,8.0,2016-08-15 08:19:00,0 days 00:08:00.000000000,2016-08-15 08:27:00,True,False,False,734.0,2016-08-15/07:37:00,46.0,Y,N,13400.0,69.0,3.0,-7.8890795,4.6934188,-1.8013778999999999,9.3547163,10.181809,21.894491,,,,,403.40018976891804,28.947312153581567,6734.5,13.49466800138961,2016-08-15 07:37:00,0 days 00:46:00.000000000,2016-08-15 08:23:00,PARA,"[472, 1882, 4415]",29.0,False
36,29.0,1882.0,1882.0,13.165988320451481,2016-08-15,6.0,4.0,1.336929396307898,2.0,2570.4457397460933,9.187676368038789,1471246920.0,-7.859650105087375,4.617711170328938,-1.7692111816790743,21.9151344704314,10.10771877298452,0.0,-44.57009315490723,9.285911413288966,0.2480507846713225,2016-08-15 07:39:00,2.0,1.371250003576279,-6.125,3.837499976158142,-2.6274999976158138,PARA,0.5124948083068042,BL,1882.0,south,outward,8.0,2016-08-15 07:39:00,0 days 00:08:00.000000000,2016-08-15 07:47:00,True,False,False,734.0,2016-08-15/07:37:00,46.0,Y,N,13400.0,69.0,3.0,-7.8890795,4.6934188,-1.8013778999999999,9.3547163,10.181809,21.894491,,,,,403.40018976891804,28.947312153581567,6734.5,13.49466800138961,2016-08-15 07:37:00,0 days 00:46:00.000000000,2016-08-15 08:23:00,PARA,"[472, 1882, 4415]",29.0,False
38,30.0,2011.0,2011.0,15.483450942844641,2016-08-24,5.0,6.0,5.668320243455857,4.0,2664.692901611328,8.127878919664218,1472024760.0,-6.713196069623972,4.385409847898323,-1.6066093693950834,21.75721254795539,8.718970112451624,3.0,-62.70688819885254,8.178142551820555,0.321350525871087,2016-08-24 07:41:00,2.0,3.049999952316284,-27.66666666666667,-7.796666781107586,2.466666698455811,PARA,0.2253253966141289,BL,2011.0,south,outward,12.0,2016-08-24 07:41:00,0 days 00:12:00.000000000,2016-08-24 07:53:00,True,False,False,484.0,2016-08-24/07:41:00,33.0,Y,N,13700.0,66.0,3.0,-6.749193099999999,4.4754266,-1.6488483,8.2643664,8.815342999999999,21.731388,,,,,407.8908682649483,28.311029791117594,6883.0,9.444253922180453,2016-08-24 07:41:00,0 days 00:33:00.000000000,2016-08-24 08:14:00,PARA,[2011],30.0,False
39,31.0,2035.0,2035.0,16.745380937235392,2016-09-01,3.0,6.0,3.339391718008258,4.0,2260.558990478516,11.401689516325796,1472698680.0,-6.067368654541781,8.903464825217139,-2.61397806158848,20.288908231527888,11.709149305660072,2.0,-28.46999168395996,11.086874250540042,0.4727068841213296,2016-09-01 02:53:00,2.0,3.0091666380564366,-23.25,5.153333266576131,-4.0674999952316275,PARA,0.5027152846841005,BL,2035.0,south,outward,12.0,2016-09-01 02:53:00,0 days 00:12:00.000000000,2016-09-01 03:05:00,True,False,False,422.0,2016-09-01/02:50:00,13.0,Y,N,12900.0,248.0,3.0,-6.0372899,8.9975147,-2.6136054,11.146078999999999,11.773044,20.259377999999998,,,,,395.8025192673428,54.8794233590608,6574.0,7.791700038023691,2016-09-01 02:50:00,0 days 00:13:00.000000000,2016-09-01 03:03:00,PARA,[2035],31.0,False
40,32.0,1841.0,1841.0,13.15869034353735,2016-09-03,7.0,6.0,5.1585999713904815,4.0,3042.9794006347656,10.189742229952627,1472922960.0,-0.7941328969822378,9.136699737910288,-4.574542411932123,17.767773851591066,12.832962881181645,3.0,-1.6366100410620372,10.248848722974834,0.15652863249541346,2016-09-03 17:11:00,2.0,2.034166653951009,-38.583333333333336,3.5966665744781494,-1.0158333530028658,PARA,0.2714078143854167,BL,1841.0,south,outward,12.0,2016-09-03 17:11:00,0 days 00:12:00.000000000,2016-09-03 17:23:00,True,False,False,657.0,2016-09-03/17:09:00,16.0,N,Y,24400.0,259.0,3.0,-0.7175081,9.0432163,-4.6033818,10.172792,12.793768,17.730032,,,,,544.3504824508965,56.08330271000409,12329.5,9.410914884865447,2016-09-03 17:09:00,0 days 00:16:00.000000000,2016-09-03 17:25:00,PARA,[1841],32.0,False
41,33.0,1314.0,1314.0,9.462226720090667,2016-09-04,2.0,4.0,1.336972069222878,2.0,1327.6753845214846,11.71758641692379,1472954640.0,-5.462941451757376,9.562130304231623,-2.6116731950458134,19.984477088919785,11.934486535481426,3.0,-21.310066699981693,11.318101480203355,0.30955638101363314,2016-09-04 02:01:00,2.0,2.6837499141693115,-25.25,0.8212499879300594,3.740000009536743,PARA,0.5124838735997673,BL,1314.0,south,outward,8.0,2016-09-04 02:01:00,0 days 00:08:00.000000000,2016-09-04 02:09:00,True,False,False,412.0,2016-09-04/01:51:00,16.0,Y,Y,23400.0,248.0,3.0,-5.3968355,9.692186,-2.6095092,11.39965,12.0274,19.936826,,,,adjust start time,533.0790654772292,54.8794233590608,11824.0,9.208080462912351,2016-09-04 01:51:00,0 days 00:16:00.000000000,2016-09-04 02:07:00,PARA,"[1314, 1511, 4626]",33.0,False
42,33.0,1511.0,1511.0,11.94161245011408,2016-09-04,1.0,4.0,3.3501075661843367,2.0,4057.1864624023438,11.783951414423408,1472954160.0,-5.421815410563006,9.646945535386852,-2.6103137083265517,19.954533546946003,11.993281152296335,3.0,-21.71333932876587,11.369867621487248,0.29348420193923763,2016-09-04 01:53:00,2.0,2.4337499737739563,-29.0,2.313750028610229,2.521250009536743,PARA,0.18729810573977698,BL,1511.0,south,outward,8.0,2016-09-04 01:53:00,0 days 00:08:00.000000000,2016-09-04 02:01:00,True,False,False,412.0,2016-09-04/01:51:00,16.0,Y,Y,23400.0,248.0,3.0,-5.3968355,9.692186,-2.6095092,11.39965,12.0274,19.936826,,,,adjust start time,533.0790654772292,54.8794233590608,11824.0,9.208080462912351,2016-09-04 01:51:00,0 days 00:16:00.000000000,2016-09-04 02:07:00,PARA,"[1314, 1511, 4626]",33.0,False
44,34.0,646.0,646.0,6.190616329208788,2016-09-04,9.0,5.0,6.221250017108736,3.0,1802.1601806640624,8.249353048552702,1472970540.0,-5.817006665389612,5.401026684831005,-1.9211998620387365,21.15955354799572,8.548200411749832,3.0,-59.55670776367187,8.167071016741989,0.12840901038383973,2016-09-04 06:25:00,2.0,2.4362499713897705,-40.1,2.5519999980926515,3.1890000820159914,PARA,0.1013283137435662,BL,646.0,south,outward,10.0,2016-09-04 06:25:00,0 days 00:10:00.000000000,2016-09-04 06:35:00,True,False,False,274.0,2016-09-04/06:20:00,15.0,Y,N,24400.0,139.0,3.0,-5.8494743,5.5797112,-1.987297,8.3245947,8.7209233,21.11011,,,,,544.3504824508965,41.08573863919486,12269.5,6.270781464798405,2016-09-04 06:20:00,0 days 00:15:00.000000000,2016-09-04 06:35:00,PARA,[646],34.0,False
46,36.0,2669.0,2669.0,24.389908510408677,2016-09-05,20.0,4.0,1.734193102002475,2.0,5582.698303222656,12.242600314437935,1473109320.0,-2.9556775311917947,11.026250902842795,-3.2441978485063463,18.78709165477932,13.157092139289178,3.0,-3.6920032501220703,11.867589034016365,0.284283897531015,2016-09-05 20:59:00,2.0,1.3300000429153442,-27.0,2.1462499797344208,0.2687499970197677,PARA,0.420169721298275,BL,2669.0,south,outward,8.0,2016-09-05 20:59:00,0 days 00:08:00.000000000,2016-09-05 21:07:00,True,False,False,1061.0,2016-09-05/20:56:00,46.0,Y,N,23400.0,256.0,3.0,-2.9015401,11.014272,-3.2760217999999997,11.851811,13.166638,18.763548999999998,,,,,533.0790654772292,55.75754989038354,11828.0,26.946311922169834,2016-09-05 20:56:00,0 days 00:46:00.000000000,2016-09-05 21:42:00,PARA,"[2669, 4597]",36.0,False
48,37.0,1178.0,1178.0,9.060144566235703,2016-09-08,10.0,4.0,1.734183692846356,2.0,769.3042831420897,9.375347824302176,1473310800.0,-5.504376955170119,6.960073603672079,-2.3280771098737816,20.606229393708936,9.589592563457582,4.0,-38.57272148132324,9.173955546746662,0.2774485207785652,2016-09-08 04:57:00,2.0,2.2925000786781307,-11.625,2.7387498915195465,-5.426249980926514,PARA,0.4201716980241771,BL,1178.0,south,outward,8.0,2016-09-08 04:57:00,0 days 00:08:00.000000000,2016-09-08 05:05:00,True,False,False,899.0,2016-09-08/04:39:00,33.0,Y,,13100.0,133.0,3.0,-5.4903726,7.335199799999999,-2.4058173,9.4729776,9.9094543,20.505843,,,,,398.8589547662993,40.1892146397705,6616.5,13.874114384007688,2016-09-08 04:39:00,0 days 00:33:00.000000000,2016-09-08 05:12:00,PARA,"[1178, 2414, 4733]",37.0,False
49,37.0,2414.0,2414.0,18.34912882627333,2016-09-08,9.0,4.0,1.336935307724791,2.0,4976.497436523438,9.663715123131396,1473309720.0,-5.493056741353952,7.286372751359523,-2.3964349210479505,20.518913663602703,9.868298921066732,4.0,-39.815665245056145,9.434431572223598,0.3602239344285828,2016-09-08 04:39:00,2.0,2.596249938011169,-14.125,-1.502499986439943,-5.471249938011169,PARA,0.5124932935238091,BL,2414.0,south,outward,8.0,2016-09-08 04:39:00,0 days 00:08:00.000000000,2016-09-08 04:47:00,True,False,False,899.0,2016-09-08/04:39:00,33.0,Y,,13100.0,133.0,3.0,-5.4903726,7.335199799999999,-2.4058173,9.4729776,9.9094543,20.505843,,,,,398.8589547662993,40.1892146397705,6616.5,13.874114384007688,2016-09-08 04:39:00,0 days 00:33:00.000000000,2016-09-08 05:12:00,PARA,"[1178, 2414, 4733]",37.0,False
52,39.0,3929.0,3929.0,13.05190880391033,2017-08-02,3.0,4.0,1.3384332332182909,2.0,2570.4457397460933,7.821078466072532,1501666200.0,-6.896921968141924,-0.9382120696308172,3.344847253228464,0.4755500468145093,8.055902473295584,0.0,59.67262077331543,7.722485486013025,0.6239907722473567,2017-08-02 09:27:00,2.0,1.649999976158142,4.5,-3.40625,0.7012499943375587,ANTI,0.5121095988434473,BL,3929.0,north,outward,8.0,2017-08-02 09:27:00,0 days 00:08:00.000000000,2017-08-02 09:35:00,True,False,False,1441.0,2017-08-02/09:24:00,12.0,Y,N,14100.0,257.0,1.0,-7.069195,-0.89560664,3.375235,7.884655400000001,8.2176416,0.44425849,,,,,413.80263833343605,55.866345213133975,7178.5,7.290817520173593,2017-08-02 09:24:00,0 days 00:12:00.000000000,2017-08-02 09:36:00,ANTI,[3929],39.0,False
54,41.0,4066.0,4066.0,16.7389596766865,2017-08-24,6.0,6.0,3.3393820547165984,4.0,2260.558990478516,15.757914649919774,1503588000.0,-11.944645138984955,5.04787591157261,2.2097783911373083,22.478387048696327,13.426882772745811,0.0,3.6594690481821694,13.154482039911025,2.4425335082827053,2017-08-24 15:15:00,2.0,1.7779999971389768,-14.916666666666664,-2.7891666690508523,1.0675000001986819,ANTI,0.5027168038079604,PS,4066.0,north,outward,12.0,2017-08-24 15:15:00,0 days 00:12:00.000000000,2017-08-24 15:27:00,True,False,False,583.0,2017-08-24/15:09:00,17.0,N,Y,24300.0,257.0,1.0,-12.10212,5.2152265,2.1571521000000002,13.353396,13.640026,22.449192,,,,,543.2338649008169,55.866345213133975,12278.5,9.958332844898294,2017-08-24 15:09:00,0 days 00:17:00.000000000,2017-08-24 15:26:00,ANTI,"[2473, 4066]",41.0,False
57,42.0,4411.0,4411.0,23.92904490252048,2017-08-30,6.0,4.0,4.010955067415297,2.0,6756.328918457031,10.632916058681552,1504079760.0,-9.408256838957982,3.9302849710444314,1.705394693601037,22.496952125342542,10.503261548322946,0.0,29.16683101654053,10.33785556894805,0.7467703362929244,2017-08-30 07:53:00,2.0,1.8249999582767489,-7.0,-2.0612499713897705,0.5575000047683716,ANTI,0.13459600621664758,BL,4411.0,north,outward,8.0,2017-08-30 07:53:00,0 days 00:08:00.000000000,2017-08-30 08:01:00,True,False,False,652.0,2017-08-30/07:53:00,21.0,Y,N,24400.0,493.0,4.0,-9.458679400000001,3.9761474000000003,1.7052054,10.401158,10.568355,22.488145000000003,,,,,544.3504824508965,77.37615746056865,12446.5,17.818423020797837,2017-08-30 07:53:00,0 days 00:21:00.000000000,2017-08-30 08:14:00,ANTI,"[2477, 2893, 4411]",42.0,False
58,43.0,4223.0,4223.0,17.46877865489518,2017-09-02,4.0,4.0,1.7340553610672582,2.0,2883.5558471679688,9.774821633779263,1504323600.0,-8.815521813477236,3.5307718655204194,2.152243365711016,22.537764399551627,10.321622050602134,4.0,57.043612480163574,9.73716595503348,0.2931849173227551,2017-09-02 03:37:00,2.0,2.9899999499320984,-13.125,4.487500071525575,-3.890000104904175,ANTI,0.4201986595799409,BL,4223.0,north,outward,8.0,2017-09-02 03:37:00,0 days 00:08:00.000000000,2017-09-02 03:45:00,True,False,False,1357.0,2017-09-02/03:35:00,13.0,Y,Y,13400.0,257.0,1.0,-8.9046019,3.6136013999999994,2.1679904999999997,9.8514077,10.432263,22.520694,,,,,403.40018976891804,55.866345213133975,6828.5,7.9303035103106305,2017-09-02 03:35:00,0 days 00:13:00.000000000,2017-09-02 03:48:00,ANTI,[4223],43.0,False
59,44.0,3697.0,3697.0,10.92075742549418,2017-09-13,6.0,8.0,6.063057471420058,6.0,943.3835029602052,8.893264642953168,1505294160.0,-7.35778430918137,4.019872137986267,0.7679336993619964,22.0898107540493,8.482757756223357,4.0,31.642889976501465,8.419595380587001,1.3582876407824405,2017-09-13 09:09:00,2.0,3.375,-16.5,0.700000010430813,0.9068750170990828,ANTI,0.4161635717069887,PS,3697.0,north,outward,16.0,2017-09-13 09:09:00,0 days 00:16:00.000000000,2017-09-13 09:25:00,True,False,False,1344.0,2017-09-13/09:02:00,31.0,N,Y,24400.0,133.0,1.0,-7.6042977,4.3322505,0.72132858,8.781460699999998,8.8451209,22.020259,,,,,544.3504824508965,40.1892146397705,12266.5,12.654283214784664,2017-09-13 09:02:00,0 days 00:31:00.000000000,2017-09-13 09:33:00,ANTI,[3697],44.0,False
60,45.0,663.0,663.0,6.4262259123141,2017-10-11,1.0,4.0,4.010034666029233,2.0,480.8931198120117,15.43712139459894,1507702920.0,-6.172650420650674,12.146115568637084,-1.2674985092502071,19.824115608684608,13.682628369091038,2.0,-15.757065296173096,13.683451584082125,4.698786458283619,2017-10-11 06:19:00,2.0,4.771250009536743,-34.0,2.442499965429306,-4.988750100135802,PARA,0.1346579616468604,PS,663.0,south,outward,8.0,2017-10-11 06:19:00,0 days 00:08:00.000000000,2017-10-11 06:27:00,True,False,False,845.0,2017-10-11/05:17:00,68.0,Y,N,24400.0,133.0,3.0,-6.1822607000000005,13.395807000000001,-0.92254935,14.782391,14.817075,19.65338,,,,,544.3504824508965,40.1892146397705,12266.5,27.757782535656688,2017-10-11 05:17:00,0 days 01:08:00.000000000,2017-10-11 06:25:00,PARA,"[663, 4534]",45.0,False
